{"loss": [0.6749712824821472, 0.5479118227958679, 0.5469181537628174, 0.5425746440887451, 0.5449310541152954, 0.5451353192329407, 0.5435296297073364, 0.5410696268081665, 0.5389648675918579, 0.5375046730041504, 0.5373907089233398, 0.5369327664375305, 0.5373289585113525, 0.5377253890037537, 0.5386543273925781, 0.5393500924110413, 0.5363420844078064, 0.5385334491729736, 0.5352146029472351, 0.5355470776557922, 0.5354713201522827, 0.5366953611373901, 0.5373111367225647, 0.5355508923530579, 0.5358969569206238, 0.5344976782798767, 0.5348671674728394, 0.5332993268966675, 0.5342186689376831, 0.535393476486206, 0.5336293578147888, 0.5343424677848816, 0.5338878631591797, 0.5330978035926819, 0.5330960750579834, 0.5325881838798523, 0.5316520929336548, 0.5325480699539185, 0.5321236252784729, 0.5316286683082581, 0.5326805114746094, 0.531578779220581, 0.5318812131881714, 0.5299264788627625, 0.5311920046806335, 0.5310841202735901, 0.5314218401908875, 0.5301074981689453, 0.5299853086471558, 0.529512882232666], "sparse_categorical_accuracy": [0.677247941493988, 0.7355644702911377, 0.7347026467323303, 0.7380062937736511, 0.739586353302002, 0.7374317646026611, 0.7382935881614685, 0.7408790588378906, 0.7407354116439819, 0.7437518239021301, 0.7404481768608093, 0.7404481768608093, 0.7354208827018738, 0.7397299408912659, 0.7404481768608093, 0.7391554117202759, 0.7420281767845154, 0.7394427061080933, 0.7413099408149719, 0.7421717643737793, 0.7421717643737793, 0.7382935881614685, 0.7387245297431946, 0.7405917644500732, 0.7410227060317993, 0.7418845295906067, 0.741740882396698, 0.7424590587615967, 0.739586353302002, 0.7428900003433228, 0.7400172352790833, 0.7426027059555054, 0.741740882396698, 0.7405917644500732, 0.7431772351264954, 0.7421717643737793, 0.7437518239021301, 0.7424590587615967, 0.7436081767082214, 0.7430335879325867, 0.7414535880088806, 0.741166353225708, 0.7424590587615967, 0.7444700002670288, 0.7415972352027893, 0.7400172352790833, 0.7427463531494141, 0.7449008822441101, 0.743320882320404, 0.7454754114151001], "val_loss": [0.5477811694145203, 0.5400441288948059, 0.5308567881584167, 0.5301779508590698, 0.5300881862640381, 0.5277997851371765, 0.5257914066314697, 0.5273492932319641, 0.5278888940811157, 0.5411894917488098, 0.5267301797866821, 0.5231049060821533, 0.527826726436615, 0.5247545838356018, 0.5225029587745667, 0.5221831202507019, 0.5211440920829773, 0.5259124040603638, 0.5227647423744202, 0.5199140310287476, 0.5312569737434387, 0.5212094187736511, 0.520389974117279, 0.5222277641296387, 0.5210368037223816, 0.5210307836532593, 0.5275362730026245, 0.5217685103416443, 0.5204115509986877, 0.5187780857086182, 0.5207607746124268, 0.5245475172996521, 0.5216243863105774, 0.5183753371238708, 0.5188385248184204, 0.5198149681091309, 0.5341846942901611, 0.5180271863937378, 0.5269597172737122, 0.5214707851409912, 0.519560694694519, 0.5224213004112244, 0.5181726813316345, 0.5176724195480347, 0.5196380615234375, 0.5195196866989136, 0.5264871120452881, 0.5185573697090149, 0.5220425128936768, 0.5257559418678284], "val_sparse_categorical_accuracy": [0.7392303347587585, 0.7392303347587585, 0.7449741363525391, 0.7461228966712952, 0.7409534454345703, 0.743825376033783, 0.743825376033783, 0.7449741363525391, 0.7443997859954834, 0.7392303347587585, 0.7455485463142395, 0.7478460669517517, 0.7409534454345703, 0.7415278553962708, 0.7478460669517517, 0.7449741363525391, 0.7449741363525391, 0.7507179975509644, 0.7530155181884766, 0.7461228966712952, 0.7340608835220337, 0.7489948272705078, 0.7489948272705078, 0.75129234790802, 0.7472716569900513, 0.7507179975509644, 0.7392303347587585, 0.7535898685455322, 0.7461228966712952, 0.7495692372322083, 0.7472716569900513, 0.7386559247970581, 0.7461228966712952, 0.7489948272705078, 0.7507179975509644, 0.7461228966712952, 0.7386559247970581, 0.7472716569900513, 0.7409534454345703, 0.7495692372322083, 0.7507179975509644, 0.7478460669517517, 0.7461228966712952, 0.7495692372322083, 0.757610559463501, 0.7472716569900513, 0.7415278553962708, 0.75129234790802, 0.7449741363525391, 0.7380815744400024]}