{"loss": [1.663968563079834, 1.3564354181289673, 1.1966147422790527, 1.1681727170944214, 1.1614094972610474, 1.148266315460205, 1.1436924934387207, 1.1431000232696533, 1.1401904821395874, 1.1402289867401123, 1.1326205730438232, 1.1367655992507935, 1.130415916442871, 1.1322567462921143, 1.1314926147460938, 1.1232852935791016, 1.1295684576034546, 1.1290992498397827, 1.1234550476074219, 1.1209245920181274], "binary_accuracy": [0.6340777277946472, 0.7585721611976624, 0.7758044600486755, 0.7803763151168823, 0.7789695858955383, 0.7851239442825317, 0.7872340679168701, 0.7852997779846191, 0.7861790060997009, 0.7874099016189575, 0.7889924645423889, 0.7854756712913513, 0.7902233004570007, 0.7872340679168701, 0.7872340679168701, 0.7930367588996887, 0.7842447757720947, 0.7900474667549133, 0.7903991341590881, 0.7916300296783447], "val_loss": [0.637349545955658, 0.5065379738807678, 0.5112163424491882, 0.5530987977981567, 0.5317541360855103, 0.5380274653434753, 0.5673512816429138, 0.5592777729034424, 0.5730453729629517, 0.5427806377410889, 0.5567288994789124, 0.5691567063331604, 0.5630984902381897, 0.5674988031387329, 0.5671326518058777, 0.5647122263908386, 0.62558513879776, 0.5589181184768677, 0.577204167842865, 0.5916491150856018], "val_binary_accuracy": [0.7707454562187195, 0.74964839220047, 0.7222222089767456, 0.694796085357666, 0.7095639705657959, 0.7060478329658508, 0.6926863789558411, 0.6983122229576111, 0.6940928101539612, 0.7102672457695007, 0.699718713760376, 0.6933895945549011, 0.702531635761261, 0.703234851360321, 0.703234851360321, 0.707454264163971, 0.6772152185440063, 0.7130801677703857, 0.7011252045631409, 0.6940928101539612]}