{"loss": [0.7445163130760193, 0.5508227348327637, 0.5007194876670837, 0.4964752793312073, 0.4847845435142517, 0.47934168577194214, 0.4735381305217743, 0.47176653146743774, 0.46820852160453796, 0.46405869722366333, 0.4572876989841461, 0.4564501941204071, 0.4474629759788513, 0.44192031025886536, 0.43879809975624084, 0.43296492099761963, 0.4292455315589905, 0.4299979507923126, 0.42310231924057007, 0.4154333472251892], "sparse_categorical_accuracy": [0.5679802894592285, 0.7361248135566711, 0.7706075310707092, 0.7743842601776123, 0.7816091775894165, 0.7821018099784851, 0.7866995334625244, 0.7857142686843872, 0.7880131602287292, 0.7896551489830017, 0.7958949208259583, 0.7968801259994507, 0.8024630546569824, 0.8032840490341187, 0.8052545189857483, 0.8075533509254456, 0.8087027668952942, 0.810016393661499, 0.8088669776916504, 0.8167487978935242], "val_loss": [0.6302603483200073, 0.5279679298400879, 0.5245418548583984, 0.5412155389785767, 0.5145642161369324, 0.5161206126213074, 0.5306636691093445, 0.5122556090354919, 0.5412971377372742, 0.51868736743927, 0.5128666758537292, 0.5135691165924072, 0.540588915348053, 0.5321464538574219, 0.5459203124046326, 0.5552714467048645, 0.5420411229133606, 0.5291857719421387, 0.5720313191413879, 0.5517652034759521], "val_sparse_categorical_accuracy": [0.6835193634033203, 0.7485226392745972, 0.7491792440414429, 0.7485226392745972, 0.7557452321052551, 0.7570584416389465, 0.7465528845787048, 0.7603414058685303, 0.7373604774475098, 0.7504924535751343, 0.7590282559394836, 0.7662508487701416, 0.7577150464057922, 0.7590282559394836, 0.7524622678756714, 0.7590282559394836, 0.7616546154022217, 0.7642810344696045, 0.7583716511726379, 0.7564018368721008]}