{"loss": [1.5446723699569702, 1.2696350812911987, 1.2246938943862915, 1.2123291492462158, 1.1998318433761597, 1.1926476955413818, 1.1910117864608765, 1.1883807182312012, 1.1855149269104004, 1.1764748096466064, 1.1805479526519775, 1.1724328994750977, 1.1663626432418823, 1.1562447547912598, 1.1479631662368774, 1.1346709728240967, 1.126961588859558, 1.1185426712036133, 1.1113977432250977, 1.1072242259979248], "binary_accuracy": [0.6100553274154663, 0.7594921588897705, 0.7710300087928772, 0.7721254825592041, 0.7786045074462891, 0.7802817821502686, 0.7798354625701904, 0.7798486351966858, 0.7813501954078674, 0.7848128080368042, 0.7860437631607056, 0.7856109738349915, 0.7858815789222717, 0.7900068759918213, 0.7926038503646851, 0.794998049736023, 0.7970404624938965, 0.798677384853363, 0.8013014793395996, 0.799881100654602], "val_loss": [0.5511302351951599, 0.540034830570221, 0.5467128753662109, 0.5925799608230591, 0.5897657871246338, 0.5810614824295044, 0.5778884887695312, 0.6018259525299072, 0.5943880677223206, 0.6008546352386475, 0.5930421352386475, 0.5907078981399536, 0.5890742540359497, 0.6427399516105652, 0.6296051740646362, 0.6678975224494934, 0.6395284533500671, 0.6445699334144592, 0.7022585272789001, 0.7069060206413269], "val_binary_accuracy": [0.7172455191612244, 0.7235205173492432, 0.7169750928878784, 0.6903603076934814, 0.6892784237861633, 0.6837606430053711, 0.688304603099823, 0.6831115484237671, 0.6884127259254456, 0.6986367702484131, 0.6851672530174255, 0.6944174766540527, 0.6902520656585693, 0.6890619993209839, 0.6927404999732971, 0.6967435479164124, 0.7093476057052612, 0.706534743309021, 0.7016120553016663, 0.7022070288658142]}