{"loss": [1.5271222591400146, 1.2864772081375122, 1.2370482683181763, 1.2201850414276123, 1.2049589157104492, 1.193279504776001, 1.180213212966919, 1.1658945083618164, 1.1547855138778687, 1.1460521221160889, 1.1362327337265015, 1.1305943727493286, 1.122006893157959, 1.1197723150253296, 1.1162577867507935, 1.1110841035842896, 1.1057767868041992, 1.0987915992736816, 1.0958501100540161, 1.0934520959854126], "binary_accuracy": [0.6808781623840332, 0.7679051756858826, 0.7741000056266785, 0.7763592004776001, 0.7766971588134766, 0.7814990878105164, 0.782959520816803, 0.7840688228607178, 0.7854618430137634, 0.7857187390327454, 0.789019763469696, 0.788992702960968, 0.787004292011261, 0.7883838415145874, 0.7906836271286011, 0.7891139984130859, 0.7898039221763611, 0.7924007773399353, 0.7938756942749023, 0.7921304106712341], "val_loss": [0.5586798787117004, 0.5486077666282654, 0.553252637386322, 0.5884617567062378, 0.5634297728538513, 0.5928521752357483, 0.6097165942192078, 0.5981731414794922, 0.6256392598152161, 0.6030066013336182, 0.6344700455665588, 0.6399825215339661, 0.6408638954162598, 0.7070103287696838, 0.6587501764297485, 0.7243878245353699, 0.7905144095420837, 0.7427414655685425, 0.7602102756500244, 0.7486245036125183], "val_binary_accuracy": [0.7241154313087463, 0.7104835510253906, 0.703775942325592, 0.6865736842155457, 0.7005301713943481, 0.6856539845466614, 0.6807313561439514, 0.6945796608924866, 0.6820837259292603, 0.6878176927566528, 0.6918208599090576, 0.694796085357666, 0.6978794932365417, 0.7014498114585876, 0.7025315761566162, 0.7033430933952332, 0.7016660571098328, 0.7067509293556213, 0.7147571444511414, 0.7088066935539246]}