{"loss": [1.50583016872406, 1.2818188667297363, 1.230108380317688, 1.2025681734085083, 1.1923778057098389, 1.1654481887817383, 1.1561946868896484, 1.1338961124420166, 1.1315921545028687, 1.119238018989563, 1.1205213069915771, 1.1112706661224365, 1.1048436164855957, 1.090376377105713, 1.078869104385376, 1.0750231742858887, 1.0703141689300537, 1.0655931234359741, 1.0590267181396484, 1.059004306793213], "binary_accuracy": [0.674182653427124, 0.7644829154014587, 0.7758182287216187, 0.7833655476570129, 0.7803763151168823, 0.7849617600440979, 0.7883968949317932, 0.7914678454399109, 0.7921305894851685, 0.795512318611145, 0.7947546243667603, 0.7957688570022583, 0.7972570657730103, 0.801693856716156, 0.8026403784751892, 0.8026809096336365, 0.8013551235198975, 0.8057647943496704, 0.8034923672676086, 0.8036273121833801], "val_loss": [0.566049337387085, 0.552992045879364, 0.5696871876716614, 0.5897694826126099, 0.5841144919395447, 0.6359444856643677, 0.7040903568267822, 0.6238950490951538, 0.7029899954795837, 0.712825357913971, 0.7568215727806091, 0.7175785899162292, 0.7435792088508606, 0.7631182074546814, 0.8034707307815552, 0.7641788721084595, 0.7432581186294556, 0.7806200981140137, 0.7804822325706482, 0.8500354886054993], "val_binary_accuracy": [0.7084820866584778, 0.711132824420929, 0.7027480006217957, 0.6874932050704956, 0.6915503740310669, 0.6827870011329651, 0.6814888119697571, 0.6800280809402466, 0.6863031387329102, 0.6865735650062561, 0.6831113696098328, 0.679216742515564, 0.6745104789733887, 0.6638537049293518, 0.6655848026275635, 0.6712105870246887, 0.6834902167320251, 0.6881424188613892, 0.6707237362861633, 0.670669674873352]}